{
    "eye_infos": {
        "left_eye_info": {
            "top-left": [
                0.2906849545419379,
                5.584475647650924
            ],
            "top-right": [
                0.7562711606215742,
                5.584475647650924
            ],
            "bottom-right": [
                0.7562711606215742,
                5.327388439834332
            ],
            "bottom-left": [
                0.2906849545419379,
                5.327388439834332
            ]
        },
        "right_eye_info": {
            "top-left": [
                -0.2906849545419379,
                5.584475647650924
            ],
            "top-right": [
                -0.7562711606215742,
                5.584475647650924
            ],
            "bottom-right": [
                -0.7562711606215742,
                5.327388439834332
            ],
            "bottom-left": [
                -0.2906849545419379,
                5.327388439834332
            ]
        }
    }
}