{
    "eye_infos": {
        "left_eye_info": {
            "top-left": [
                0.25817810515573186,
                8.402895480676499
            ],
            "top-right": [
                0.7336730844466133,
                8.402895480676499
            ],
            "bottom-right": [
                0.7336730844466133,
                7.998289413269436
            ],
            "bottom-left": [
                0.25817810515573186,
                7.998289413269436
            ]
        },
        "right_eye_info": {
            "top-left": [
                -0.25817810515573186,
                8.402895480676499
            ],
            "top-right": [
                -0.7336730844466133,
                8.402895480676499
            ],
            "bottom-right": [
                -0.7336730844466133,
                7.998289413269436
            ],
            "bottom-left": [
                -0.25817810515573186,
                7.998289413269436
            ]
        }
    }
}