{
    "eye_infos": {
        "left_eye_info": {
            "top-left": [
                0.3113937295845945,
                4.740169745467188
            ],
            "top-right": [
                0.7798669725773731,
                4.740169745467188
            ],
            "bottom-right": [
                0.7798669725773731,
                4.323623657119393
            ],
            "bottom-left": [
                0.3113937295845945,
                4.323623657119393
            ]
        },
        "right_eye_info": {
            "top-left": [
                -0.3113937295845945,
                4.740169745467188
            ],
            "top-right": [
                -0.7798669725773731,
                4.740169745467188
            ],
            "bottom-right": [
                -0.7798669725773731,
                4.323623657119393
            ],
            "bottom-left": [
                -0.3113937295845945,
                4.323623657119393
            ]
        }
    }
}