{
    "eye_infos": {
        "Right X negative angle": 14.965848452508006,
        "Left X negative angle": 14.965848452508006,
        "Right X positive angle": -16.453575240128067,
        "Left X positive angle": -17,
        "Right Y negative angle": 10,
        "Left Y negative angle": 20.999999999999996,
        "Right Y positive angle": -21,
        "Left Y positive angle": -10.000000000000002
    }
}