{
    "eye_infos": {
        "Right X negative angle": 8.579722518676625,
        "Left X negative angle": 8.579722518676625,
        "Right X positive angle": -10.4,
        "Left X positive angle": -10.4,
        "Right Y negative angle": 7.6,
        "Left Y negative angle": 12.999999999999998,
        "Right Y positive angle": -13.000000000000002,
        "Left Y positive angle": -7.600000000000001
    }
}