{
    "eye_infos": {
        "Right X negative angle": 17.467449306296693,
        "Left X negative angle": 17.467449306296693,
        "Right X positive angle": -13.000000000000002,
        "Left X positive angle": -13.000000000000002,
        "Right Y negative angle": 11.5,
        "Left Y negative angle": 16.5,
        "Right Y positive angle": -16.5,
        "Left Y positive angle": -11.5
    }
}